<?xml version="1.0" encoding="utf-8"?>
<FCIV>
	<FILE_ENTRY><name>acas_report-monthly_scan.report.xml</name><MD5>8pyRHIHKR5EfECCZaW581Q==</MD5><SHA1>ajcw5wk4rpnFsJ0xOvaS5KLF4BE=</SHA1></FILE_ENTRY>
	<FILE_ENTRY><name>acas_report-no_local_checks.report.xml</name><MD5>sfDR1U/YdzAcNuPpbpdq+g==</MD5><SHA1>G1Il6X8Xqlosw7xtSCm3s34U+fg=</SHA1></FILE_ENTRY>
	<FILE_ENTRY><name>acas_report-ssh_escalation.report.xml</name><MD5>HL3X2sMgWLGkfDfJiiU0HA==</MD5><SHA1>1WAWPhA/KbUBYZz5Fpifg72O+C4=</SHA1></FILE_ENTRY>
	<FILE_ENTRY><name>acas_report-windows_cached.report.xml</name><MD5>mDbvQviLlxqYemts5RcVeQ==</MD5><SHA1>/Q+DfKuNnO4PJtI4IpVG+ZHUYOw=</SHA1></FILE_ENTRY>
</FCIV>
