<?xml version="1.0" encoding="utf-8"?>
<FCIV>
	<FILE_ENTRY><name>acas_policy-configuration.scan.xml</name><MD5>vt1qQXp6BSlUEzgb62LkGA==</MD5><SHA1>zqwxVvAvL0vEVuSAqhj+9bRR3/o=</SHA1></FILE_ENTRY><FILE_ENTRY><name>acas_policy-malware.scan.xml</name><MD5>g9fDzeqKy0sslYxDDlR2UA==</MD5><SHA1>DQQxvx8LF2Yf2f0ubLE3UyqUox8=</SHA1></FILE_ENTRY><FILE_ENTRY><name>acas_policy-osdiscovery.scan.xml</name><MD5>W/Pc6ohdoQUSqVNYvM55gA==</MD5><SHA1>M+NEV37jeB125IP58hxL+2q2DdU=</SHA1></FILE_ENTRY><FILE_ENTRY><name>acas_policy-predeployment.scan.xml</name><MD5>6HbaXqSMQbzZNlMAaE9B2w==</MD5><SHA1>0LQm0odTGHj9U5JulVjgICWn2IM=</SHA1></FILE_ENTRY><FILE_ENTRY><name>acas_policy-vulnerability.scan.xml</name><MD5>caMZ8oIuWf+g+GCVkF4i5w==</MD5><SHA1>0g+TcJB59bhq+mzvrfeBh1R7qq8=</SHA1></FILE_ENTRY></FCIV>
