<?xml version="1.0" encoding="utf-8"?>
<FCIV>
	<FILE_ENTRY><name>acas_asset-bad_credentials.asset.xml</name><MD5>ZPsp+1LFZeSQXz/YqzBw7g==</MD5><SHA1>wv3PwdVxyLTWSR5xM2+OeBBr/oQ=</SHA1></FILE_ENTRY>
	<FILE_ENTRY><name>acas_asset-good_credentials.asset.xml</name><MD5>Qd3AX0FdmtbCzZNGnACn8Q==</MD5><SHA1>o4DBXwat4zEXl23JvZoEZZKbeYc=</SHA1></FILE_ENTRY>
	<FILE_ENTRY><name>acas_asset-stale_hosts.asset.xml</name><MD5>eMwP16ftdym50L13sMSqqg==</MD5><SHA1>7AeXb3nRbX5ekiglKoaiM3RBnbs=</SHA1></FILE_ENTRY>
</FCIV>
